Town Name,Town ID,Shapefile Download URL,File GDB Download URL,Assessed Fiscal Year,Note
ABINGTON,1,http://download.massgis.digital.mass.gov/shapefiles/l3parcels/L3_SHP_M001_ABINGTON.zip,http://download.massgis.digital.mass.gov/gdbs/l3parcels/M001_parcels_gdb.zip,2024,
ACTON,2,http://download.massgis.digital.mass.gov/shapefiles/l3parcels/L3_SHP_M002_ACTON.zip,http://download.massgis.digital.mass.gov/gdbs/l3parcels/M002_parcels_gdb.zip,2024,
ACUSHNET,3,http://download.massgis.digital.mass.gov/shapefiles/l3parcels/L3_SHP_M003_ACUSHNET.zip,http://download.massgis.digital.mass.gov/gdbs/l3parcels/M003_parcels_gdb.zip,2025,
ADAMS,4,http://download.massgis.digital.mass.gov/shapefiles/l3parcels/L3_SHP_M004_ADAMS.zip,http://download.massgis.digital.mass.gov/gdbs/l3parcels/M004_parcels_gdb.zip,2024,
AGAWAM,5,http://download.massgis.digital.mass.gov/shapefiles/l3parcels/L3_SHP_M005_AGAWAM.zip,http://download.massgis.digital.mass.gov/gdbs/l3parcels/M005_parcels_gdb.zip,2024,
ALFORD,6,http://download.massgis.digital.mass.gov/shapefiles/l3parcels/L3_SHP_M006_ALFORD.zip,http://download.massgis.digital.mass.gov/gdbs/l3parcels/M006_parcels_gdb.zip,2023,
AMESBURY,7,http://download.massgis.digital.mass.gov/shapefiles/l3parcels/L3_SHP_M007_AMESBURY.zip,http://download.massgis.digital.mass.gov/gdbs/l3parcels/M007_parcels_gdb.zip,2024,
AMHERST,8,http://download.massgis.digital.mass.gov/shapefiles/l3parcels/L3_SHP_M008_AMHERST.zip,http://download.massgis.digital.mass.gov/gdbs/l3parcels/M008_parcels_gdb.zip,2024,
ANDOVER,9,http://download.massgis.digital.mass.gov/shapefiles/l3parcels/L3_SHP_M009_ANDOVER.zip,http://download.massgis.digital.mass.gov/gdbs/l3parcels/M009_parcels_gdb.zip,2024,There is a known non-water boundary discrepancy between the parcel mapping for this community and that for at least one adjacent community. Such discrepancies (usually modest but noticeable) exist because the parcel mapping depicts the boundary differently from the MassGIS boundary developed from survey locations. In most instances the communities are aware of these discrepancies. MassGIS will work with the communities and the MassDOT Survey Section to try to resolve these discrepancies.
AQUINNAH,104,http://download.massgis.digital.mass.gov/shapefiles/l3parcels/L3_SHP_M104_AQUINNAH.zip,http://download.massgis.digital.mass.gov/gdbs/l3parcels/M104_parcels_gdb.zip,2024,
ARLINGTON,10,http://download.massgis.digital.mass.gov/shapefiles/l3parcels/L3_SHP_M010_ARLINGTON.zip,http://download.massgis.digital.mass.gov/gdbs/l3parcels/M010_parcels_gdb.zip,2024,
ASHBURNHAM,11,http://download.massgis.digital.mass.gov/shapefiles/l3parcels/L3_SHP_M011_ASHBURNHAM.zip,http://download.massgis.digital.mass.gov/gdbs/l3parcels/M011_parcels_gdb.zip,2025,
ASHBY,12,http://download.massgis.digital.mass.gov/shapefiles/l3parcels/L3_SHP_M012_ASHBY.zip,http://download.massgis.digital.mass.gov/gdbs/l3parcels/M012_parcels_gdb.zip,2024,
ASHFIELD,13,http://download.massgis.digital.mass.gov/shapefiles/l3parcels/L3_SHP_M013_ASHFIELD.zip,http://download.massgis.digital.mass.gov/gdbs/l3parcels/M013_parcels_gdb.zip,2023,
ASHLAND,14,http://download.massgis.digital.mass.gov/shapefiles/l3parcels/L3_SHP_M014_ASHLAND.zip,http://download.massgis.digital.mass.gov/gdbs/l3parcels/M014_parcels_gdb.zip,2024,
ATHOL,15,http://download.massgis.digital.mass.gov/shapefiles/l3parcels/L3_SHP_M015_ATHOL.zip,http://download.massgis.digital.mass.gov/gdbs/l3parcels/M015_parcels_gdb.zip,2024,
ATTLEBORO,16,http://download.massgis.digital.mass.gov/shapefiles/l3parcels/L3_SHP_M016_ATTLEBORO.zip,http://download.massgis.digital.mass.gov/gdbs/l3parcels/M016_parcels_gdb.zip,2024,There is a known non-water boundary discrepancy between the parcel mapping for this community and that for at least one adjacent community. Such discrepancies (usually modest but noticeable) exist because the parcel mapping depicts the boundary differently from the MassGIS boundary developed from survey locations. In most instances the communities are aware of these discrepancies. MassGIS will work with the communities and the MassDOT Survey Section to try to resolve these discrepancies.
AUBURN,17,http://download.massgis.digital.mass.gov/shapefiles/l3parcels/L3_SHP_M017_AUBURN.zip,http://download.massgis.digital.mass.gov/gdbs/l3parcels/M017_parcels_gdb.zip,2024,
AVON,18,http://download.massgis.digital.mass.gov/shapefiles/l3parcels/L3_SHP_M018_AVON.zip,http://download.massgis.digital.mass.gov/gdbs/l3parcels/M018_parcels_gdb.zip,2024,
AYER,19,http://download.massgis.digital.mass.gov/shapefiles/l3parcels/L3_SHP_M019_AYER.zip,http://download.massgis.digital.mass.gov/gdbs/l3parcels/M019_parcels_gdb.zip,2025,
BARNSTABLE,20,http://download.massgis.digital.mass.gov/shapefiles/l3parcels/L3_SHP_M020_BARNSTABLE.zip,http://download.massgis.digital.mass.gov/gdbs/l3parcels/M020_parcels_gdb.zip,2025,
BARRE,21,http://download.massgis.digital.mass.gov/shapefiles/l3parcels/L3_SHP_M021_BARRE.zip,http://download.massgis.digital.mass.gov/gdbs/l3parcels/M021_parcels_gdb.zip,2025,
BECKET,22,http://download.massgis.digital.mass.gov/shapefiles/l3parcels/L3_SHP_M022_BECKET.zip,http://download.massgis.digital.mass.gov/gdbs/l3parcels/M022_parcels_gdb.zip,2023,
BEDFORD,23,http://download.massgis.digital.mass.gov/shapefiles/l3parcels/L3_SHP_M023_BEDFORD.zip,http://download.massgis.digital.mass.gov/gdbs/l3parcels/M023_parcels_gdb.zip,2025,
BELCHERTOWN,24,http://download.massgis.digital.mass.gov/shapefiles/l3parcels/L3_SHP_M024_BELCHERTOWN.zip,http://download.massgis.digital.mass.gov/gdbs/l3parcels/M024_parcels_gdb.zip,2025,
BELLINGHAM,25,http://download.massgis.digital.mass.gov/shapefiles/l3parcels/L3_SHP_M025_BELLINGHAM.zip,http://download.massgis.digital.mass.gov/gdbs/l3parcels/M025_parcels_gdb.zip,2025,
BELMONT,26,http://download.massgis.digital.mass.gov/shapefiles/l3parcels/L3_SHP_M026_BELMONT.zip,http://download.massgis.digital.mass.gov/gdbs/l3parcels/M026_parcels_gdb.zip,2024,
BERKLEY,27,http://download.massgis.digital.mass.gov/shapefiles/l3parcels/L3_SHP_M027_BERKLEY.zip,http://download.massgis.digital.mass.gov/gdbs/l3parcels/M027_parcels_gdb.zip,2025,Updated SITE_ADDR values in the Assess table so they no longer all read as 0.
BERLIN,28,http://download.massgis.digital.mass.gov/shapefiles/l3parcels/L3_SHP_M028_BERLIN.zip,http://download.massgis.digital.mass.gov/gdbs/l3parcels/M028_parcels_gdb.zip,2024,
BERNARDSTON,29,http://download.massgis.digital.mass.gov/shapefiles/l3parcels/L3_SHP_M029_BERNARDSTON.zip,http://download.massgis.digital.mass.gov/gdbs/l3parcels/M029_parcels_gdb.zip,2025,
BEVERLY,30,http://download.massgis.digital.mass.gov/shapefiles/l3parcels/L3_SHP_M030_BEVERLY.zip,http://download.massgis.digital.mass.gov/gdbs/l3parcels/M030_parcels_gdb.zip,2025,
BILLERICA,31,http://download.massgis.digital.mass.gov/shapefiles/l3parcels/L3_SHP_M031_BILLERICA.zip,http://download.massgis.digital.mass.gov/gdbs/l3parcels/M031_parcels_gdb.zip,2025,
BLACKSTONE,32,http://download.massgis.digital.mass.gov/shapefiles/l3parcels/L3_SHP_M032_BLACKSTONE.zip,http://download.massgis.digital.mass.gov/gdbs/l3parcels/M032_parcels_gdb.zip,2024,
BLANDFORD,33,http://download.massgis.digital.mass.gov/shapefiles/l3parcels/L3_SHP_M033_BLANDFORD.zip,http://download.massgis.digital.mass.gov/gdbs/l3parcels/M033_parcels_gdb.zip,2021,
BOLTON,34,http://download.massgis.digital.mass.gov/shapefiles/l3parcels/L3_SHP_M034_BOLTON.zip,http://download.massgis.digital.mass.gov/gdbs/l3parcels/M034_parcels_gdb.zip,2025,
BOSTON,35,Visit the city's Open Data Portal at http://bostonopendata.boston.opendata.arcgis.com/datasets?q=*parcel&sort_by=relevance ,,2023,
BOURNE,36,http://download.massgis.digital.mass.gov/shapefiles/l3parcels/L3_SHP_M036_BOURNE.zip,http://download.massgis.digital.mass.gov/gdbs/l3parcels/M036_parcels_gdb.zip,2021,
BOXBOROUGH,37,http://download.massgis.digital.mass.gov/shapefiles/l3parcels/L3_SHP_M037_BOXBOROUGH.zip,http://download.massgis.digital.mass.gov/gdbs/l3parcels/M037_parcels_gdb.zip,2024,
BOXFORD,38,http://download.massgis.digital.mass.gov/shapefiles/l3parcels/L3_SHP_M038_BOXFORD.zip,http://download.massgis.digital.mass.gov/gdbs/l3parcels/M038_parcels_gdb.zip,2025,
BOYLSTON,39,http://download.massgis.digital.mass.gov/shapefiles/l3parcels/L3_SHP_M039_BOYLSTON.zip,http://download.massgis.digital.mass.gov/gdbs/l3parcels/M039_parcels_gdb.zip,2024,
BRAINTREE,40,http://download.massgis.digital.mass.gov/shapefiles/l3parcels/L3_SHP_M040_BRAINTREE.zip,http://download.massgis.digital.mass.gov/gdbs/l3parcels/M040_parcels_gdb.zip,2024,
BREWSTER,41,http://download.massgis.digital.mass.gov/shapefiles/l3parcels/L3_SHP_M041_BREWSTER.zip,http://download.massgis.digital.mass.gov/gdbs/l3parcels/M041_parcels_gdb.zip,2025,
BRIDGEWATER,42,http://download.massgis.digital.mass.gov/shapefiles/l3parcels/L3_SHP_M042_BRIDGEWATER.zip,http://download.massgis.digital.mass.gov/gdbs/l3parcels/M042_parcels_gdb.zip,2023,
BRIMFIELD,43,http://download.massgis.digital.mass.gov/shapefiles/l3parcels/L3_SHP_M043_BRIMFIELD.zip,http://download.massgis.digital.mass.gov/gdbs/l3parcels/M043_parcels_gdb.zip,2024,
BROCKTON,44,http://download.massgis.digital.mass.gov/shapefiles/l3parcels/L3_SHP_M044_BROCKTON.zip,http://download.massgis.digital.mass.gov/gdbs/l3parcels/M044_parcels_gdb.zip,2024,
BROOKFIELD,45,http://download.massgis.digital.mass.gov/shapefiles/l3parcels/L3_SHP_M045_BROOKFIELD.zip,http://download.massgis.digital.mass.gov/gdbs/l3parcels/M045_parcels_gdb.zip,2025,
BROOKLINE,46,http://download.massgis.digital.mass.gov/shapefiles/l3parcels/L3_SHP_M046_BROOKLINE.zip,http://download.massgis.digital.mass.gov/gdbs/l3parcels/M046_parcels_gdb.zip,2024,
BUCKLAND,47,http://download.massgis.digital.mass.gov/shapefiles/l3parcels/L3_SHP_M047_BUCKLAND.zip,http://download.massgis.digital.mass.gov/gdbs/l3parcels/M047_parcels_gdb.zip,2025,
BURLINGTON,48,http://download.massgis.digital.mass.gov/shapefiles/l3parcels/L3_SHP_M048_BURLINGTON.zip,http://download.massgis.digital.mass.gov/gdbs/l3parcels/M048_parcels_gdb.zip,2024,
CAMBRIDGE,49,http://download.massgis.digital.mass.gov/shapefiles/l3parcels/L3_SHP_M049_CAMBRIDGE.zip,http://download.massgis.digital.mass.gov/gdbs/l3parcels/M049_parcels_gdb.zip,2025,
CANTON,50,http://download.massgis.digital.mass.gov/shapefiles/l3parcels/L3_SHP_M050_CANTON.zip,http://download.massgis.digital.mass.gov/gdbs/l3parcels/M050_parcels_gdb.zip,2024,
CARLISLE,51,http://download.massgis.digital.mass.gov/shapefiles/l3parcels/L3_SHP_M051_CARLISLE.zip,http://download.massgis.digital.mass.gov/gdbs/l3parcels/M051_parcels_gdb.zip,2025,"An updated copy of the extract was obtained and merged with the current copy of the map data.  Thus, in addition to having map geometry that is not the most up to date, LOC_ID match rates may also be less than standard thresholds."
CARVER,52,http://download.massgis.digital.mass.gov/shapefiles/l3parcels/L3_SHP_M052_CARVER.zip,http://download.massgis.digital.mass.gov/gdbs/l3parcels/M052_parcels_gdb.zip,2024,
CHARLEMONT,53,http://download.massgis.digital.mass.gov/shapefiles/l3parcels/L3_SHP_M053_CHARLEMONT.zip,http://download.massgis.digital.mass.gov/gdbs/l3parcels/M053_parcels_gdb.zip,2024,"In the Massachusetts Acts and Resolves 2010 Chap. 0396, the boundary between Hawley and Charlemont was changed.  Since this time, Charlemont has not completed a deed search and adjusted all parcel boundaries within the area involved."
CHARLTON,54,http://download.massgis.digital.mass.gov/shapefiles/l3parcels/L3_SHP_M054_CHARLTON.zip,http://download.massgis.digital.mass.gov/gdbs/l3parcels/M054_parcels_gdb.zip,2025,
CHATHAM,55,http://download.massgis.digital.mass.gov/shapefiles/l3parcels/L3_SHP_M055_CHATHAM.zip,http://download.massgis.digital.mass.gov/gdbs/l3parcels/M055_parcels_gdb.zip,2018,Match rates are below spec due primarily to a number of CAMA records pointing to private lots/buildings that are on Federal property but don’t have a location specified.  MassGIS is working with the community to improve rates.
CHELMSFORD,56,http://download.massgis.digital.mass.gov/shapefiles/l3parcels/L3_SHP_M056_CHELMSFORD.zip,http://download.massgis.digital.mass.gov/gdbs/l3parcels/M056_parcels_gdb.zip,2024,
CHELSEA,57,http://download.massgis.digital.mass.gov/shapefiles/l3parcels/L3_SHP_M057_CHELSEA.zip,http://download.massgis.digital.mass.gov/gdbs/l3parcels/M057_parcels_gdb.zip,2025,
CHESHIRE,58,http://download.massgis.digital.mass.gov/shapefiles/l3parcels/L3_SHP_M058_CHESHIRE.zip,http://download.massgis.digital.mass.gov/gdbs/l3parcels/M058_parcels_gdb.zip,2024,
CHESTER,59,http://download.massgis.digital.mass.gov/shapefiles/l3parcels/L3_SHP_M059_CHESTER.zip,http://download.massgis.digital.mass.gov/gdbs/l3parcels/M059_parcels_gdb.zip,2024,
CHESTERFIELD,60,http://download.massgis.digital.mass.gov/shapefiles/l3parcels/L3_SHP_M060_CHESTERFIELD.zip,http://download.massgis.digital.mass.gov/gdbs/l3parcels/M060_parcels_gdb.zip,2024,
CHICOPEE,61,http://download.massgis.digital.mass.gov/shapefiles/l3parcels/L3_SHP_M061_CHICOPEE.zip,http://download.massgis.digital.mass.gov/gdbs/l3parcels/M061_parcels_gdb.zip,2024,
CHILMARK,62,http://download.massgis.digital.mass.gov/shapefiles/l3parcels/L3_SHP_M062_CHILMARK.zip,http://download.massgis.digital.mass.gov/gdbs/l3parcels/M062_parcels_gdb.zip,2024,
CLARKSBURG,63,http://download.massgis.digital.mass.gov/shapefiles/l3parcels/L3_SHP_M063_CLARKSBURG.zip,http://download.massgis.digital.mass.gov/gdbs/l3parcels/M063_parcels_gdb.zip,2024,
CLINTON,64,http://download.massgis.digital.mass.gov/shapefiles/l3parcels/L3_SHP_M064_CLINTON.zip,http://download.massgis.digital.mass.gov/gdbs/l3parcels/M064_parcels_gdb.zip,2025,
COHASSET,65,http://download.massgis.digital.mass.gov/shapefiles/l3parcels/L3_SHP_M065_COHASSET.zip,http://download.massgis.digital.mass.gov/gdbs/l3parcels/M065_parcels_gdb.zip,2025,
COLRAIN,66,http://download.massgis.digital.mass.gov/shapefiles/l3parcels/L3_SHP_M066_COLRAIN.zip,http://download.massgis.digital.mass.gov/gdbs/l3parcels/M066_parcels_gdb.zip,2024,
CONCORD,67,http://download.massgis.digital.mass.gov/shapefiles/l3parcels/L3_SHP_M067_CONCORD.zip,http://download.massgis.digital.mass.gov/gdbs/l3parcels/M067_parcels_gdb.zip,2025,
CONWAY,68,http://download.massgis.digital.mass.gov/shapefiles/l3parcels/L3_SHP_M068_CONWAY.zip,http://download.massgis.digital.mass.gov/gdbs/l3parcels/M068_parcels_gdb.zip,2024,
CUMMINGTON,69,http://download.massgis.digital.mass.gov/shapefiles/l3parcels/L3_SHP_M069_CUMMINGTON.zip,http://download.massgis.digital.mass.gov/gdbs/l3parcels/M069_parcels_gdb.zip,2025,
DALTON,70,http://download.massgis.digital.mass.gov/shapefiles/l3parcels/L3_SHP_M070_DALTON.zip,http://download.massgis.digital.mass.gov/gdbs/l3parcels/M070_parcels_gdb.zip,2024,
DANVERS,71,http://download.massgis.digital.mass.gov/shapefiles/l3parcels/L3_SHP_M071_DANVERS.zip,http://download.massgis.digital.mass.gov/gdbs/l3parcels/M071_parcels_gdb.zip,2025,
DARTMOUTH,72,http://download.massgis.digital.mass.gov/shapefiles/l3parcels/L3_SHP_M072_DARTMOUTH.zip,http://download.massgis.digital.mass.gov/gdbs/l3parcels/M072_parcels_gdb.zip,2025,
DEDHAM,73,http://download.massgis.digital.mass.gov/shapefiles/l3parcels/L3_SHP_M073_DEDHAM.zip,http://download.massgis.digital.mass.gov/gdbs/l3parcels/M073_parcels_gdb.zip,2024,
DEERFIELD,74,http://download.massgis.digital.mass.gov/shapefiles/l3parcels/L3_SHP_M074_DEERFIELD.zip,http://download.massgis.digital.mass.gov/gdbs/l3parcels/M074_parcels_gdb.zip,2025,
DENNIS,75,http://download.massgis.digital.mass.gov/shapefiles/l3parcels/L3_SHP_M075_DENNIS.zip,http://download.massgis.digital.mass.gov/gdbs/l3parcels/M075_parcels_gdb.zip,2024,
DIGHTON,76,http://download.massgis.digital.mass.gov/shapefiles/l3parcels/L3_SHP_M076_DIGHTON.zip,http://download.massgis.digital.mass.gov/gdbs/l3parcels/M076_parcels_gdb.zip,2023,
DOUGLAS,77,http://download.massgis.digital.mass.gov/shapefiles/l3parcels/L3_SHP_M077_DOUGLAS.zip,http://download.massgis.digital.mass.gov/gdbs/l3parcels/M077_parcels_gdb.zip,2025,
DOVER,78,http://download.massgis.digital.mass.gov/shapefiles/l3parcels/L3_SHP_M078_DOVER.zip,http://download.massgis.digital.mass.gov/gdbs/l3parcels/M078_parcels_gdb.zip,2025,
DRACUT,79,http://download.massgis.digital.mass.gov/shapefiles/l3parcels/L3_SHP_M079_DRACUT.zip,http://download.massgis.digital.mass.gov/gdbs/l3parcels/M079_parcels_gdb.zip,2022,There is a known non-water boundary discrepancy between the parcel mapping for this community and that for at least one adjacent community. Such discrepancies (usually modest but noticeable) exist because the parcel mapping depicts the boundary differently from the MassGIS boundary developed from survey locations. In most instances the communities are aware of these discrepancies. MassGIS will work with the communities and the MassDOT Survey Section to try to resolve these discrepancies.
DUDLEY,80,http://download.massgis.digital.mass.gov/shapefiles/l3parcels/L3_SHP_M080_DUDLEY.zip,http://download.massgis.digital.mass.gov/gdbs/l3parcels/M080_parcels_gdb.zip,2024,
DUNSTABLE,81,http://download.massgis.digital.mass.gov/shapefiles/l3parcels/L3_SHP_M081_DUNSTABLE.zip,http://download.massgis.digital.mass.gov/gdbs/l3parcels/M081_parcels_gdb.zip,2023,
DUXBURY,82,http://download.massgis.digital.mass.gov/shapefiles/l3parcels/L3_SHP_M082_DUXBURY.zip,http://download.massgis.digital.mass.gov/gdbs/l3parcels/M082_parcels_gdb.zip,2024,
EAST BRIDGEWATER,83,http://download.massgis.digital.mass.gov/shapefiles/l3parcels/L3_SHP_M083_EASTBRIDGEWATER.zip,http://download.massgis.digital.mass.gov/gdbs/l3parcels/M083_parcels_gdb.zip,2024,
EAST BROOKFIELD,84,http://download.massgis.digital.mass.gov/shapefiles/l3parcels/L3_SHP_M084_EASTBROOKFIELD.zip,http://download.massgis.digital.mass.gov/gdbs/l3parcels/M084_parcels_gdb.zip,2025,
EAST LONGMEADOW,85,http://download.massgis.digital.mass.gov/shapefiles/l3parcels/L3_SHP_M085_EASTLONGMEADOW.zip,http://download.massgis.digital.mass.gov/gdbs/l3parcels/M085_parcels_gdb.zip,2019,
EASTHAM,86,http://download.massgis.digital.mass.gov/shapefiles/l3parcels/L3_SHP_M086_EASTHAM.zip,http://download.massgis.digital.mass.gov/gdbs/l3parcels/M086_parcels_gdb.zip,2024,
EASTHAMPTON,87,http://download.massgis.digital.mass.gov/shapefiles/l3parcels/L3_SHP_M087_EASTHAMPTON.zip,http://download.massgis.digital.mass.gov/gdbs/l3parcels/M087_parcels_gdb.zip,2024,
EASTON,88,http://download.massgis.digital.mass.gov/shapefiles/l3parcels/L3_SHP_M088_EASTON.zip,http://download.massgis.digital.mass.gov/gdbs/l3parcels/M088_parcels_gdb.zip,2024,There is a known non-water boundary discrepancy between the parcel mapping for this community and that for at least one adjacent community. Such discrepancies (usually modest but noticeable) exist because the parcel mapping depicts the boundary differently from the MassGIS boundary developed from survey locations. In most instances the communities are aware of these discrepancies. MassGIS will work with the communities and the MassDOT Survey Section to try to resolve these discrepancies.
EDGARTOWN,89,http://download.massgis.digital.mass.gov/shapefiles/l3parcels/L3_SHP_M089_EDGARTOWN.zip,http://download.massgis.digital.mass.gov/gdbs/l3parcels/M089_parcels_gdb.zip,2025,
EGREMONT,90,http://download.massgis.digital.mass.gov/shapefiles/l3parcels/L3_SHP_M090_EGREMONT.zip,http://download.massgis.digital.mass.gov/gdbs/l3parcels/M090_parcels_gdb.zip,2024,
ERVING,91,http://download.massgis.digital.mass.gov/shapefiles/l3parcels/L3_SHP_M091_ERVING.zip,http://download.massgis.digital.mass.gov/gdbs/l3parcels/M091_parcels_gdb.zip,2024,
ESSEX,92,http://download.massgis.digital.mass.gov/shapefiles/l3parcels/L3_SHP_M092_ESSEX.zip,http://download.massgis.digital.mass.gov/gdbs/l3parcels/M092_parcels_gdb.zip,2024,
EVERETT,93,http://download.massgis.digital.mass.gov/shapefiles/l3parcels/L3_SHP_M093_EVERETT.zip,http://download.massgis.digital.mass.gov/gdbs/l3parcels/M093_parcels_gdb.zip,2022,An ownership record was removed from a ROW and WATER parcel polygon in the TaxPar.
FAIRHAVEN,94,http://download.massgis.digital.mass.gov/shapefiles/l3parcels/L3_SHP_M094_FAIRHAVEN.zip,http://download.massgis.digital.mass.gov/gdbs/l3parcels/M094_parcels_gdb.zip,2025,
FALL RIVER,95,http://download.massgis.digital.mass.gov/shapefiles/l3parcels/L3_SHP_M095_FALLRIVER.zip,http://download.massgis.digital.mass.gov/gdbs/l3parcels/M095_parcels_gdb.zip,2025,
FALMOUTH,96,http://download.massgis.digital.mass.gov/shapefiles/l3parcels/L3_SHP_M096_FALMOUTH.zip,http://download.massgis.digital.mass.gov/gdbs/l3parcels/M096_parcels_gdb.zip,2022,
FITCHBURG,97,http://download.massgis.digital.mass.gov/shapefiles/l3parcels/L3_SHP_M097_FITCHBURG.zip,http://download.massgis.digital.mass.gov/gdbs/l3parcels/M097_parcels_gdb.zip,2024,
FLORIDA,98,http://download.massgis.digital.mass.gov/shapefiles/l3parcels/L3_SHP_M098_FLORIDA.zip,http://download.massgis.digital.mass.gov/gdbs/l3parcels/M098_parcels_gdb.zip,2022,
FOXBOROUGH,99,http://download.massgis.digital.mass.gov/shapefiles/l3parcels/L3_SHP_M099_FOXBOROUGH.zip,http://download.massgis.digital.mass.gov/gdbs/l3parcels/M099_parcels_gdb.zip,2024,"The parcel mapping for this community does not meet the Level 3 standards requirements for match rates between the map and the tax list and vice versa. Town staff has put in considerable time on these issues working with MassGIS’ mapping vendor, but were unable to provide the time needed to completely resolve all the issues."
FRAMINGHAM,100,http://download.massgis.digital.mass.gov/shapefiles/l3parcels/L3_SHP_M100_FRAMINGHAM.zip,http://download.massgis.digital.mass.gov/gdbs/l3parcels/M100_parcels_gdb.zip,2025,
FRANKLIN,101,http://download.massgis.digital.mass.gov/shapefiles/l3parcels/L3_SHP_M101_FRANKLIN.zip,http://download.massgis.digital.mass.gov/gdbs/l3parcels/M101_parcels_gdb.zip,2025,
FREETOWN,102,http://download.massgis.digital.mass.gov/shapefiles/l3parcels/L3_SHP_M102_FREETOWN.zip,http://download.massgis.digital.mass.gov/gdbs/l3parcels/M102_parcels_gdb.zip,2025,
GARDNER,103,http://download.massgis.digital.mass.gov/shapefiles/l3parcels/L3_SHP_M103_GARDNER.zip,http://download.massgis.digital.mass.gov/gdbs/l3parcels/M103_parcels_gdb.zip,2025,
GEORGETOWN,105,http://download.massgis.digital.mass.gov/shapefiles/l3parcels/L3_SHP_M105_GEORGETOWN.zip,http://download.massgis.digital.mass.gov/gdbs/l3parcels/M105_parcels_gdb.zip,2024,
GILL,106,http://download.massgis.digital.mass.gov/shapefiles/l3parcels/L3_SHP_M106_GILL.zip,http://download.massgis.digital.mass.gov/gdbs/l3parcels/M106_parcels_gdb.zip,2024,
GLOUCESTER,107,http://download.massgis.digital.mass.gov/shapefiles/l3parcels/L3_SHP_M107_GLOUCESTER.zip,http://download.massgis.digital.mass.gov/gdbs/l3parcels/M107_parcels_gdb.zip,2024,
GOSHEN,108,http://download.massgis.digital.mass.gov/shapefiles/l3parcels/L3_SHP_M108_GOSHEN.zip,http://download.massgis.digital.mass.gov/gdbs/l3parcels/M108_parcels_gdb.zip,2023,
GOSNOLD,109,http://download.massgis.digital.mass.gov/shapefiles/l3parcels/L3_SHP_M109_GOSNOLD.zip,http://download.massgis.digital.mass.gov/gdbs/l3parcels/M109_parcels_gdb.zip,2024,
GRAFTON,110,http://download.massgis.digital.mass.gov/shapefiles/l3parcels/L3_SHP_M110_GRAFTON.zip,http://download.massgis.digital.mass.gov/gdbs/l3parcels/M110_parcels_gdb.zip,2025,
GRANBY,111,http://download.massgis.digital.mass.gov/shapefiles/l3parcels/L3_SHP_M111_GRANBY.zip,http://download.massgis.digital.mass.gov/gdbs/l3parcels/M111_parcels_gdb.zip,2024,
GRANVILLE,112,http://download.massgis.digital.mass.gov/shapefiles/l3parcels/L3_SHP_M112_GRANVILLE.zip,http://download.massgis.digital.mass.gov/gdbs/l3parcels/M112_parcels_gdb.zip,2021,
GREAT BARRINGTON,113,http://download.massgis.digital.mass.gov/shapefiles/l3parcels/L3_SHP_M113_GREATBARRINGTON.zip,http://download.massgis.digital.mass.gov/gdbs/l3parcels/M113_parcels_gdb.zip,2025,
GREENFIELD,114,http://download.massgis.digital.mass.gov/shapefiles/l3parcels/L3_SHP_M114_GREENFIELD.zip,http://download.massgis.digital.mass.gov/gdbs/l3parcels/M114_parcels_gdb.zip,2024,
GROTON,115,http://download.massgis.digital.mass.gov/shapefiles/l3parcels/L3_SHP_M115_GROTON.zip,http://download.massgis.digital.mass.gov/gdbs/l3parcels/M115_parcels_gdb.zip,2024,
GROVELAND,116,http://download.massgis.digital.mass.gov/shapefiles/l3parcels/L3_SHP_M116_GROVELAND.zip,http://download.massgis.digital.mass.gov/gdbs/l3parcels/M116_parcels_gdb.zip,2024,
HADLEY,117,http://download.massgis.digital.mass.gov/shapefiles/l3parcels/L3_SHP_M117_HADLEY.zip,http://download.massgis.digital.mass.gov/gdbs/l3parcels/M117_parcels_gdb.zip,2023,"Data received in 2022, with FY2021 data."
HALIFAX,118,http://download.massgis.digital.mass.gov/shapefiles/l3parcels/L3_SHP_M118_HALIFAX.zip,http://download.massgis.digital.mass.gov/gdbs/l3parcels/M118_parcels_gdb.zip,2024,
HAMILTON,119,http://download.massgis.digital.mass.gov/shapefiles/l3parcels/L3_SHP_M119_HAMILTON.zip,http://download.massgis.digital.mass.gov/gdbs/l3parcels/M119_parcels_gdb.zip,2024,
HAMPDEN,120,http://download.massgis.digital.mass.gov/shapefiles/l3parcels/L3_SHP_M120_HAMPDEN.zip,http://download.massgis.digital.mass.gov/gdbs/l3parcels/M120_parcels_gdb.zip,2024,
HANCOCK,121,http://download.massgis.digital.mass.gov/shapefiles/l3parcels/L3_SHP_M121_HANCOCK.zip,http://download.massgis.digital.mass.gov/gdbs/l3parcels/M121_parcels_gdb.zip,2024,
HANOVER,122,http://download.massgis.digital.mass.gov/shapefiles/l3parcels/L3_SHP_M122_HANOVER.zip,http://download.massgis.digital.mass.gov/gdbs/l3parcels/M122_parcels_gdb.zip,2025,
HANSON,123,http://download.massgis.digital.mass.gov/shapefiles/l3parcels/L3_SHP_M123_HANSON.zip,http://download.massgis.digital.mass.gov/gdbs/l3parcels/M123_parcels_gdb.zip,2024,
HARDWICK,124,http://download.massgis.digital.mass.gov/shapefiles/l3parcels/L3_SHP_M124_HARDWICK.zip,http://download.massgis.digital.mass.gov/gdbs/l3parcels/M124_parcels_gdb.zip,2024,
HARVARD,125,http://download.massgis.digital.mass.gov/shapefiles/l3parcels/L3_SHP_M125_HARVARD.zip,http://download.massgis.digital.mass.gov/gdbs/l3parcels/M125_parcels_gdb.zip,2025,
HARWICH,126,http://download.massgis.digital.mass.gov/shapefiles/l3parcels/L3_SHP_M126_HARWICH.zip,http://download.massgis.digital.mass.gov/gdbs/l3parcels/M126_parcels_gdb.zip,2024,
HATFIELD,127,http://download.massgis.digital.mass.gov/shapefiles/l3parcels/L3_SHP_M127_HATFIELD.zip,http://download.massgis.digital.mass.gov/gdbs/l3parcels/M127_parcels_gdb.zip,2024,
HAVERHILL,128,http://download.massgis.digital.mass.gov/shapefiles/l3parcels/L3_SHP_M128_HAVERHILL.zip,http://download.massgis.digital.mass.gov/gdbs/l3parcels/M128_parcels_gdb.zip,2025,
HAWLEY,129,http://download.massgis.digital.mass.gov/shapefiles/l3parcels/L3_SHP_M129_HAWLEY.zip,http://download.massgis.digital.mass.gov/gdbs/l3parcels/M129_parcels_gdb.zip,2024,There is a known non-water boundary discrepancy between the parcel mapping for this community and that for at least one adjacent community. Such discrepancies (usually modest but noticeable) exist because the parcel mapping depicts the boundary differently from the MassGIS boundary developed from survey locations. In most instances the communities are aware of these discrepancies. MassGIS will work with the communities and the MassDOT Survey Section to try to resolve these discrepancies.
HEATH,130,http://download.massgis.digital.mass.gov/shapefiles/l3parcels/L3_SHP_M130_HEATH.zip,http://download.massgis.digital.mass.gov/gdbs/l3parcels/M130_parcels_gdb.zip,2024,
HINGHAM,131,http://download.massgis.digital.mass.gov/shapefiles/l3parcels/L3_SHP_M131_HINGHAM.zip,http://download.massgis.digital.mass.gov/gdbs/l3parcels/M131_parcels_gdb.zip,2025,
HINSDALE,132,http://download.massgis.digital.mass.gov/shapefiles/l3parcels/L3_SHP_M132_HINSDALE.zip,http://download.massgis.digital.mass.gov/gdbs/l3parcels/M132_parcels_gdb.zip,2024,
HOLBROOK,133,http://download.massgis.digital.mass.gov/shapefiles/l3parcels/L3_SHP_M133_HOLBROOK.zip,http://download.massgis.digital.mass.gov/gdbs/l3parcels/M133_parcels_gdb.zip,2022,
HOLDEN,134,http://download.massgis.digital.mass.gov/shapefiles/l3parcels/L3_SHP_M134_HOLDEN.zip,http://download.massgis.digital.mass.gov/gdbs/l3parcels/M134_parcels_gdb.zip,2024,
HOLLAND,135,http://download.massgis.digital.mass.gov/shapefiles/l3parcels/L3_SHP_M135_HOLLAND.zip,http://download.massgis.digital.mass.gov/gdbs/l3parcels/M135_parcels_gdb.zip,2023,
HOLLISTON,136,http://download.massgis.digital.mass.gov/shapefiles/l3parcels/L3_SHP_M136_HOLLISTON.zip,http://download.massgis.digital.mass.gov/gdbs/l3parcels/M136_parcels_gdb.zip,2023,
HOLYOKE,137,http://download.massgis.digital.mass.gov/shapefiles/l3parcels/L3_SHP_M137_HOLYOKE.zip,http://download.massgis.digital.mass.gov/gdbs/l3parcels/M137_parcels_gdb.zip,2023,
HOPEDALE,138,http://download.massgis.digital.mass.gov/shapefiles/l3parcels/L3_SHP_M138_HOPEDALE.zip,http://download.massgis.digital.mass.gov/gdbs/l3parcels/M138_parcels_gdb.zip,2024,
HOPKINTON,139,http://download.massgis.digital.mass.gov/shapefiles/l3parcels/L3_SHP_M139_HOPKINTON.zip,http://download.massgis.digital.mass.gov/gdbs/l3parcels/M139_parcels_gdb.zip,2023,
HUBBARDSTON,140,http://download.massgis.digital.mass.gov/shapefiles/l3parcels/L3_SHP_M140_HUBBARDSTON.zip,http://download.massgis.digital.mass.gov/gdbs/l3parcels/M140_parcels_gdb.zip,2024,
HUDSON,141,http://download.massgis.digital.mass.gov/shapefiles/l3parcels/L3_SHP_M141_HUDSON.zip,http://download.massgis.digital.mass.gov/gdbs/l3parcels/M141_parcels_gdb.zip,2023,
HULL,142,http://download.massgis.digital.mass.gov/shapefiles/l3parcels/L3_SHP_M142_HULL.zip,http://download.massgis.digital.mass.gov/gdbs/l3parcels/M142_parcels_gdb.zip,2024,
HUNTINGTON,143,http://download.massgis.digital.mass.gov/shapefiles/l3parcels/L3_SHP_M143_HUNTINGTON.zip,http://download.massgis.digital.mass.gov/gdbs/l3parcels/M143_parcels_gdb.zip,2025,
IPSWICH,144,http://download.massgis.digital.mass.gov/shapefiles/l3parcels/L3_SHP_M144_IPSWICH.zip,http://download.massgis.digital.mass.gov/gdbs/l3parcels/M144_parcels_gdb.zip,2024,
KINGSTON,145,http://download.massgis.digital.mass.gov/shapefiles/l3parcels/L3_SHP_M145_KINGSTON.zip,http://download.massgis.digital.mass.gov/gdbs/l3parcels/M145_parcels_gdb.zip,2025,
LAKEVILLE,146,http://download.massgis.digital.mass.gov/shapefiles/l3parcels/L3_SHP_M146_LAKEVILLE.zip,http://download.massgis.digital.mass.gov/gdbs/l3parcels/M146_parcels_gdb.zip,2025,
LANCASTER,147,http://download.massgis.digital.mass.gov/shapefiles/l3parcels/L3_SHP_M147_LANCASTER.zip,http://download.massgis.digital.mass.gov/gdbs/l3parcels/M147_parcels_gdb.zip,2025,One of the parcel match rates is significantly below specifications. The town’s Assessing Department is working to improve the match rates in time for the next submission.
LANESBOROUGH,148,http://download.massgis.digital.mass.gov/shapefiles/l3parcels/L3_SHP_M148_LANESBOROUGH.zip,http://download.massgis.digital.mass.gov/gdbs/l3parcels/M148_parcels_gdb.zip,2024,
LAWRENCE,149,http://download.massgis.digital.mass.gov/shapefiles/l3parcels/L3_SHP_M149_LAWRENCE.zip,http://download.massgis.digital.mass.gov/gdbs/l3parcels/M149_parcels_gdb.zip,2024,There is a known non-water boundary discrepancy between the parcel mapping for this community and that for at least one adjacent community. Such discrepancies (usually modest but noticeable) exist because the parcel mapping depicts the boundary differently from the MassGIS boundary developed from survey locations. In most instances the communities are aware of these discrepancies. MassGIS will work with the communities and the MassDOT Survey Section to try to resolve these discrepancies.
LEE,150,http://download.massgis.digital.mass.gov/shapefiles/l3parcels/L3_SHP_M150_LEE.zip,http://download.massgis.digital.mass.gov/gdbs/l3parcels/M150_parcels_gdb.zip,2023,
LEICESTER,151,http://download.massgis.digital.mass.gov/shapefiles/l3parcels/L3_SHP_M151_LEICESTER.zip,http://download.massgis.digital.mass.gov/gdbs/l3parcels/M151_parcels_gdb.zip,2025,
LENOX,152,http://download.massgis.digital.mass.gov/shapefiles/l3parcels/L3_SHP_M152_LENOX.zip,http://download.massgis.digital.mass.gov/gdbs/l3parcels/M152_parcels_gdb.zip,2024,
LEOMINSTER,153,http://download.massgis.digital.mass.gov/shapefiles/l3parcels/L3_SHP_M153_LEOMINSTER.zip,http://download.massgis.digital.mass.gov/gdbs/l3parcels/M153_parcels_gdb.zip,2024,
LEVERETT,154,http://download.massgis.digital.mass.gov/shapefiles/l3parcels/L3_SHP_M154_LEVERETT.zip,http://download.massgis.digital.mass.gov/gdbs/l3parcels/M154_parcels_gdb.zip,2025,"An updated copy of the extract was obtained and merged with the current copy of the map data.  Thus, in addition to having map geometry that is not the most up to date, LOC_ID match rates may also be less than standard thresholds."
LEXINGTON,155,http://download.massgis.digital.mass.gov/shapefiles/l3parcels/L3_SHP_M155_LEXINGTON.zip,http://download.massgis.digital.mass.gov/gdbs/l3parcels/M155_parcels_gdb.zip,2024,
LEYDEN,156,http://download.massgis.digital.mass.gov/shapefiles/l3parcels/L3_SHP_M156_LEYDEN.zip,http://download.massgis.digital.mass.gov/gdbs/l3parcels/M156_parcels_gdb.zip,2025,
LINCOLN,157,http://download.massgis.digital.mass.gov/shapefiles/l3parcels/L3_SHP_M157_LINCOLN.zip,http://download.massgis.digital.mass.gov/gdbs/l3parcels/M157_parcels_gdb.zip,2025,
LITTLETON,158,http://download.massgis.digital.mass.gov/shapefiles/l3parcels/L3_SHP_M158_LITTLETON.zip,http://download.massgis.digital.mass.gov/gdbs/l3parcels/M158_parcels_gdb.zip,2025,
LONGMEADOW,159,http://download.massgis.digital.mass.gov/shapefiles/l3parcels/L3_SHP_M159_LONGMEADOW.zip,http://download.massgis.digital.mass.gov/gdbs/l3parcels/M159_parcels_gdb.zip,2024,
LOWELL,160,http://download.massgis.digital.mass.gov/shapefiles/l3parcels/L3_SHP_M160_LOWELL.zip,http://download.massgis.digital.mass.gov/gdbs/l3parcels/M160_parcels_gdb.zip,2025,
LUDLOW,161,http://download.massgis.digital.mass.gov/shapefiles/l3parcels/L3_SHP_M161_LUDLOW.zip,http://download.massgis.digital.mass.gov/gdbs/l3parcels/M161_parcels_gdb.zip,2024,
LUNENBURG,162,http://download.massgis.digital.mass.gov/shapefiles/l3parcels/L3_SHP_M162_LUNENBURG.zip,http://download.massgis.digital.mass.gov/gdbs/l3parcels/M162_parcels_gdb.zip,2024,
LYNN,163,http://download.massgis.digital.mass.gov/shapefiles/l3parcels/L3_SHP_M163_LYNN.zip,http://download.massgis.digital.mass.gov/gdbs/l3parcels/M163_parcels_gdb.zip,2025,"An updated copy of the extract was obtained and merged with the current copy of the map data.  Thus, in addition to having map geometry that is not the most up to date, LOC_ID match rates may also be less than standard thresholds."
LYNNFIELD,164,http://download.massgis.digital.mass.gov/shapefiles/l3parcels/L3_SHP_M164_LYNNFIELD.zip,http://download.massgis.digital.mass.gov/gdbs/l3parcels/M164_parcels_gdb.zip,2025,
MALDEN,165,http://download.massgis.digital.mass.gov/shapefiles/l3parcels/L3_SHP_M165_MALDEN.zip,http://download.massgis.digital.mass.gov/gdbs/l3parcels/M165_parcels_gdb.zip,2024,
MANCHESTER,166,http://download.massgis.digital.mass.gov/shapefiles/l3parcels/L3_SHP_M166_MANCHESTER.zip,http://download.massgis.digital.mass.gov/gdbs/l3parcels/M166_parcels_gdb.zip,2025,
MANSFIELD,167,http://download.massgis.digital.mass.gov/shapefiles/l3parcels/L3_SHP_M167_MANSFIELD.zip,http://download.massgis.digital.mass.gov/gdbs/l3parcels/M167_parcels_gdb.zip,2025,
MARBLEHEAD,168,http://download.massgis.digital.mass.gov/shapefiles/l3parcels/L3_SHP_M168_MARBLEHEAD.zip,http://download.massgis.digital.mass.gov/gdbs/l3parcels/M168_parcels_gdb.zip,2025,
MARION,169,http://download.massgis.digital.mass.gov/shapefiles/l3parcels/L3_SHP_M169_MARION.zip,http://download.massgis.digital.mass.gov/gdbs/l3parcels/M169_parcels_gdb.zip,2025,
MARLBOROUGH,170,http://download.massgis.digital.mass.gov/shapefiles/l3parcels/L3_SHP_M170_MARLBOROUGH.zip,http://download.massgis.digital.mass.gov/gdbs/l3parcels/M170_parcels_gdb.zip,2024,Match rates are currently below spec. MassGIS is working with the municipality to improve the rates for the next submission.
MARSHFIELD,171,http://download.massgis.digital.mass.gov/shapefiles/l3parcels/L3_SHP_M171_MARSHFIELD.zip,http://download.massgis.digital.mass.gov/gdbs/l3parcels/M171_parcels_gdb.zip,2025,
MASHPEE,172,http://download.massgis.digital.mass.gov/shapefiles/l3parcels/L3_SHP_M172_MASHPEE.zip,http://download.massgis.digital.mass.gov/gdbs/l3parcels/M172_parcels_gdb.zip,2025,
MATTAPOISETT,173,http://download.massgis.digital.mass.gov/shapefiles/l3parcels/L3_SHP_M173_MATTAPOISETT.zip,http://download.massgis.digital.mass.gov/gdbs/l3parcels/M173_parcels_gdb.zip,2025,
MAYNARD,174,http://download.massgis.digital.mass.gov/shapefiles/l3parcels/L3_SHP_M174_MAYNARD.zip,http://download.massgis.digital.mass.gov/gdbs/l3parcels/M174_parcels_gdb.zip,2025,
MEDFIELD,175,http://download.massgis.digital.mass.gov/shapefiles/l3parcels/L3_SHP_M175_MEDFIELD.zip,http://download.massgis.digital.mass.gov/gdbs/l3parcels/M175_parcels_gdb.zip,2024,
MEDFORD,176,http://download.massgis.digital.mass.gov/shapefiles/l3parcels/L3_SHP_M176_MEDFORD.zip,http://download.massgis.digital.mass.gov/gdbs/l3parcels/M176_parcels_gdb.zip,2024,
MEDWAY,177,http://download.massgis.digital.mass.gov/shapefiles/l3parcels/L3_SHP_M177_MEDWAY.zip,http://download.massgis.digital.mass.gov/gdbs/l3parcels/M177_parcels_gdb.zip,2025,
MELROSE,178,http://download.massgis.digital.mass.gov/shapefiles/l3parcels/L3_SHP_M178_MELROSE.zip,http://download.massgis.digital.mass.gov/gdbs/l3parcels/M178_parcels_gdb.zip,2024,
MENDON,179,http://download.massgis.digital.mass.gov/shapefiles/l3parcels/L3_SHP_M179_MENDON.zip,http://download.massgis.digital.mass.gov/gdbs/l3parcels/M179_parcels_gdb.zip,2024,
MERRIMAC,180,http://download.massgis.digital.mass.gov/shapefiles/l3parcels/L3_SHP_M180_MERRIMAC.zip,http://download.massgis.digital.mass.gov/gdbs/l3parcels/M180_parcels_gdb.zip,2024,
METHUEN,181,http://download.massgis.digital.mass.gov/shapefiles/l3parcels/L3_SHP_M181_METHUEN.zip,http://download.massgis.digital.mass.gov/gdbs/l3parcels/M181_parcels_gdb.zip,2023,There is a known non-water boundary discrepancy between the parcel mapping for this community and that for at least one adjacent community. Such discrepancies (usually modest but noticeable) exist because the parcel mapping depicts the boundary differently from the MassGIS boundary developed from survey locations. In most instances the communities are aware of these discrepancies. MassGIS will work with the communities and the MassDOT Survey Section to try to resolve these discrepancies.
MIDDLEBOROUGH,182,http://download.massgis.digital.mass.gov/shapefiles/l3parcels/L3_SHP_M182_MIDDLEBOROUGH.zip,http://download.massgis.digital.mass.gov/gdbs/l3parcels/M182_parcels_gdb.zip,2024,
MIDDLEFIELD,183,http://download.massgis.digital.mass.gov/shapefiles/l3parcels/L3_SHP_M183_MIDDLEFIELD.zip,http://download.massgis.digital.mass.gov/gdbs/l3parcels/M183_parcels_gdb.zip,2022,
MIDDLETON,184,http://download.massgis.digital.mass.gov/shapefiles/l3parcels/L3_SHP_M184_MIDDLETON.zip,http://download.massgis.digital.mass.gov/gdbs/l3parcels/M184_parcels_gdb.zip,2025,
MILFORD,185,http://download.massgis.digital.mass.gov/shapefiles/l3parcels/L3_SHP_M185_MILFORD.zip,http://download.massgis.digital.mass.gov/gdbs/l3parcels/M185_parcels_gdb.zip,2024,
MILLBURY,186,http://download.massgis.digital.mass.gov/shapefiles/l3parcels/L3_SHP_M186_MILLBURY.zip,http://download.massgis.digital.mass.gov/gdbs/l3parcels/M186_parcels_gdb.zip,2024,
MILLIS,187,http://download.massgis.digital.mass.gov/shapefiles/l3parcels/L3_SHP_M187_MILLIS.zip,http://download.massgis.digital.mass.gov/gdbs/l3parcels/M187_parcels_gdb.zip,2025,
MILLVILLE,188,http://download.massgis.digital.mass.gov/shapefiles/l3parcels/L3_SHP_M188_MILLVILLE.zip,http://download.massgis.digital.mass.gov/gdbs/l3parcels/M188_parcels_gdb.zip,2025,
MILTON,189,http://download.massgis.digital.mass.gov/shapefiles/l3parcels/L3_SHP_M189_MILTON.zip,http://download.massgis.digital.mass.gov/gdbs/l3parcels/M189_parcels_gdb.zip,2024,
MONROE,190,http://download.massgis.digital.mass.gov/shapefiles/l3parcels/L3_SHP_M190_MONROE.zip,http://download.massgis.digital.mass.gov/gdbs/l3parcels/M190_parcels_gdb.zip,2022,
MONSON,191,http://download.massgis.digital.mass.gov/shapefiles/l3parcels/L3_SHP_M191_MONSON.zip,http://download.massgis.digital.mass.gov/gdbs/l3parcels/M191_parcels_gdb.zip,2025,
MONTAGUE,192,http://download.massgis.digital.mass.gov/shapefiles/l3parcels/L3_SHP_M192_MONTAGUE.zip,http://download.massgis.digital.mass.gov/gdbs/l3parcels/M192_parcels_gdb.zip,2025,
MONTEREY,193,http://download.massgis.digital.mass.gov/shapefiles/l3parcels/L3_SHP_M193_MONTEREY.zip,http://download.massgis.digital.mass.gov/gdbs/l3parcels/M193_parcels_gdb.zip,2025,
MONTGOMERY,194,http://download.massgis.digital.mass.gov/shapefiles/l3parcels/L3_SHP_M194_MONTGOMERY.zip,http://download.massgis.digital.mass.gov/gdbs/l3parcels/M194_parcels_gdb.zip,2025,
MOUNT WASHINGTON,195,http://download.massgis.digital.mass.gov/shapefiles/l3parcels/L3_SHP_M195_MOUNTWASHINGTON.zip,http://download.massgis.digital.mass.gov/gdbs/l3parcels/M195_parcels_gdb.zip,2022,
NAHANT,196,http://download.massgis.digital.mass.gov/shapefiles/l3parcels/L3_SHP_M196_NAHANT.zip,http://download.massgis.digital.mass.gov/gdbs/l3parcels/M196_parcels_gdb.zip,2025,
NANTUCKET,197,http://download.massgis.digital.mass.gov/shapefiles/l3parcels/L3_SHP_M197_NANTUCKET.zip,http://download.massgis.digital.mass.gov/gdbs/l3parcels/M197_parcels_gdb.zip,2024,
NATICK,198,http://download.massgis.digital.mass.gov/shapefiles/l3parcels/L3_SHP_M198_NATICK.zip,http://download.massgis.digital.mass.gov/gdbs/l3parcels/M198_parcels_gdb.zip,2025,
NEEDHAM,199,http://download.massgis.digital.mass.gov/shapefiles/l3parcels/L3_SHP_M199_NEEDHAM.zip,http://download.massgis.digital.mass.gov/gdbs/l3parcels/M199_parcels_gdb.zip,2025,
NEW ASHFORD,200,http://download.massgis.digital.mass.gov/shapefiles/l3parcels/L3_SHP_M200_NEWASHFORD.zip,http://download.massgis.digital.mass.gov/gdbs/l3parcels/M200_parcels_gdb.zip,2025,
NEW BEDFORD,201,http://download.massgis.digital.mass.gov/shapefiles/l3parcels/L3_SHP_M201_NEWBEDFORD.zip,http://download.massgis.digital.mass.gov/gdbs/l3parcels/M201_parcels_gdb.zip,2023,
NEW BRAINTREE,202,http://download.massgis.digital.mass.gov/shapefiles/l3parcels/L3_SHP_M202_NEWBRAINTREE.zip,http://download.massgis.digital.mass.gov/gdbs/l3parcels/M202_parcels_gdb.zip,2024,
NEW MARLBOROUGH,203,http://download.massgis.digital.mass.gov/shapefiles/l3parcels/L3_SHP_M203_NEWMARLBOROUGH.zip,http://download.massgis.digital.mass.gov/gdbs/l3parcels/M203_parcels_gdb.zip,2024,
NEW SALEM,204,http://download.massgis.digital.mass.gov/shapefiles/l3parcels/L3_SHP_M204_NEWSALEM.zip,http://download.massgis.digital.mass.gov/gdbs/l3parcels/M204_parcels_gdb.zip,2025,
NEWBURY,205,http://download.massgis.digital.mass.gov/shapefiles/l3parcels/L3_SHP_M205_NEWBURY.zip,http://download.massgis.digital.mass.gov/gdbs/l3parcels/M205_parcels_gdb.zip,2025,
NEWBURYPORT,206,http://download.massgis.digital.mass.gov/shapefiles/l3parcels/L3_SHP_M206_NEWBURYPORT.zip,http://download.massgis.digital.mass.gov/gdbs/l3parcels/M206_parcels_gdb.zip,2024,
NEWTON,207,http://download.massgis.digital.mass.gov/shapefiles/l3parcels/L3_SHP_M207_NEWTON.zip,http://download.massgis.digital.mass.gov/gdbs/l3parcels/M207_parcels_gdb.zip,2025,
NORFOLK,208,http://download.massgis.digital.mass.gov/shapefiles/l3parcels/L3_SHP_M208_NORFOLK.zip,http://download.massgis.digital.mass.gov/gdbs/l3parcels/M208_parcels_gdb.zip,2024,
NORTH ADAMS,209,http://download.massgis.digital.mass.gov/shapefiles/l3parcels/L3_SHP_M209_NORTHADAMS.zip,http://download.massgis.digital.mass.gov/gdbs/l3parcels/M209_parcels_gdb.zip,2025,
NORTH ANDOVER,210,http://download.massgis.digital.mass.gov/shapefiles/l3parcels/L3_SHP_M210_NORTHANDOVER.zip,http://download.massgis.digital.mass.gov/gdbs/l3parcels/M210_parcels_gdb.zip,2024,
NORTH ATTLEBOROUGH,211,http://download.massgis.digital.mass.gov/shapefiles/l3parcels/L3_SHP_M211_NORTHATTLEBOROUGH.zip,http://download.massgis.digital.mass.gov/gdbs/l3parcels/M211_parcels_gdb.zip,2024,
NORTH BROOKFIELD,212,http://download.massgis.digital.mass.gov/shapefiles/l3parcels/L3_SHP_M212_NORTHBROOKFIELD.zip,http://download.massgis.digital.mass.gov/gdbs/l3parcels/M212_parcels_gdb.zip,2024,
NORTH READING,213,http://download.massgis.digital.mass.gov/shapefiles/l3parcels/L3_SHP_M213_NORTHREADING.zip,http://download.massgis.digital.mass.gov/gdbs/l3parcels/M213_parcels_gdb.zip,2025,
NORTHAMPTON,214,http://download.massgis.digital.mass.gov/shapefiles/l3parcels/L3_SHP_M214_NORTHAMPTON.zip,http://download.massgis.digital.mass.gov/gdbs/l3parcels/M214_parcels_gdb.zip,2023,
NORTHBOROUGH,215,http://download.massgis.digital.mass.gov/shapefiles/l3parcels/L3_SHP_M215_NORTHBOROUGH.zip,http://download.massgis.digital.mass.gov/gdbs/l3parcels/M215_parcels_gdb.zip,2025,
NORTHBRIDGE,216,http://download.massgis.digital.mass.gov/shapefiles/l3parcels/L3_SHP_M216_NORTHBRIDGE.zip,http://download.massgis.digital.mass.gov/gdbs/l3parcels/M216_parcels_gdb.zip,2023,
NORTHFIELD,217,http://download.massgis.digital.mass.gov/shapefiles/l3parcels/L3_SHP_M217_NORTHFIELD.zip,http://download.massgis.digital.mass.gov/gdbs/l3parcels/M217_parcels_gdb.zip,2024,
NORTON,218,http://download.massgis.digital.mass.gov/shapefiles/l3parcels/L3_SHP_M218_NORTON.zip,http://download.massgis.digital.mass.gov/gdbs/l3parcels/M218_parcels_gdb.zip,2024,
NORWELL,219,http://download.massgis.digital.mass.gov/shapefiles/l3parcels/L3_SHP_M219_NORWELL.zip,http://download.massgis.digital.mass.gov/gdbs/l3parcels/M219_parcels_gdb.zip,2025,"Match rates are below spec, community will provie a full update later in the year."
NORWOOD,220,http://download.massgis.digital.mass.gov/shapefiles/l3parcels/L3_SHP_M220_NORWOOD.zip,http://download.massgis.digital.mass.gov/gdbs/l3parcels/M220_parcels_gdb.zip,2024,
OAK BLUFFS,221,http://download.massgis.digital.mass.gov/shapefiles/l3parcels/L3_SHP_M221_OAKBLUFFS.zip,http://download.massgis.digital.mass.gov/gdbs/l3parcels/M221_parcels_gdb.zip,2024,
OAKHAM,222,http://download.massgis.digital.mass.gov/shapefiles/l3parcels/L3_SHP_M222_OAKHAM.zip,http://download.massgis.digital.mass.gov/gdbs/l3parcels/M222_parcels_gdb.zip,2023,
ORANGE,223,http://download.massgis.digital.mass.gov/shapefiles/l3parcels/L3_SHP_M223_ORANGE.zip,http://download.massgis.digital.mass.gov/gdbs/l3parcels/M223_parcels_gdb.zip,2025,
ORLEANS,224,http://download.massgis.digital.mass.gov/shapefiles/l3parcels/L3_SHP_M224_ORLEANS.zip,http://download.massgis.digital.mass.gov/gdbs/l3parcels/M224_parcels_gdb.zip,2025,
OTIS,225,http://download.massgis.digital.mass.gov/shapefiles/l3parcels/L3_SHP_M225_OTIS.zip,http://download.massgis.digital.mass.gov/gdbs/l3parcels/M225_parcels_gdb.zip,2024,
OXFORD,226,http://download.massgis.digital.mass.gov/shapefiles/l3parcels/L3_SHP_M226_OXFORD.zip,http://download.massgis.digital.mass.gov/gdbs/l3parcels/M226_parcels_gdb.zip,2025,
PALMER,227,http://download.massgis.digital.mass.gov/shapefiles/l3parcels/L3_SHP_M227_PALMER.zip,http://download.massgis.digital.mass.gov/gdbs/l3parcels/M227_parcels_gdb.zip,2024,
PAXTON,228,http://download.massgis.digital.mass.gov/shapefiles/l3parcels/L3_SHP_M228_PAXTON.zip,http://download.massgis.digital.mass.gov/gdbs/l3parcels/M228_parcels_gdb.zip,2020,
PEABODY,229,http://download.massgis.digital.mass.gov/shapefiles/l3parcels/L3_SHP_M229_PEABODY.zip,http://download.massgis.digital.mass.gov/gdbs/l3parcels/M229_parcels_gdb.zip,2025,
PELHAM,230,http://download.massgis.digital.mass.gov/shapefiles/l3parcels/L3_SHP_M230_PELHAM.zip,http://download.massgis.digital.mass.gov/gdbs/l3parcels/M230_parcels_gdb.zip,2019,
PEMBROKE,231,http://download.massgis.digital.mass.gov/shapefiles/l3parcels/L3_SHP_M231_PEMBROKE.zip,http://download.massgis.digital.mass.gov/gdbs/l3parcels/M231_parcels_gdb.zip,2024,
PEPPERELL,232,http://download.massgis.digital.mass.gov/shapefiles/l3parcels/L3_SHP_M232_PEPPERELL.zip,http://download.massgis.digital.mass.gov/gdbs/l3parcels/M232_parcels_gdb.zip,2024,
PERU,233,http://download.massgis.digital.mass.gov/shapefiles/l3parcels/L3_SHP_M233_PERU.zip,http://download.massgis.digital.mass.gov/gdbs/l3parcels/M233_parcels_gdb.zip,2024,
PETERSHAM,234,http://download.massgis.digital.mass.gov/shapefiles/l3parcels/L3_SHP_M234_PETERSHAM.zip,http://download.massgis.digital.mass.gov/gdbs/l3parcels/M234_parcels_gdb.zip,2024,
PHILLIPSTON,235,http://download.massgis.digital.mass.gov/shapefiles/l3parcels/L3_SHP_M235_PHILLIPSTON.zip,http://download.massgis.digital.mass.gov/gdbs/l3parcels/M235_parcels_gdb.zip,2024,
PITTSFIELD,236,http://download.massgis.digital.mass.gov/shapefiles/l3parcels/L3_SHP_M236_PITTSFIELD.zip,http://download.massgis.digital.mass.gov/gdbs/l3parcels/M236_parcels_gdb.zip,2024,
PLAINFIELD,237,http://download.massgis.digital.mass.gov/shapefiles/l3parcels/L3_SHP_M237_PLAINFIELD.zip,http://download.massgis.digital.mass.gov/gdbs/l3parcels/M237_parcels_gdb.zip,2024,
PLAINVILLE,238,http://download.massgis.digital.mass.gov/shapefiles/l3parcels/L3_SHP_M238_PLAINVILLE.zip,http://download.massgis.digital.mass.gov/gdbs/l3parcels/M238_parcels_gdb.zip,2025,
PLYMOUTH,239,http://download.massgis.digital.mass.gov/shapefiles/l3parcels/L3_SHP_M239_PLYMOUTH.zip,http://download.massgis.digital.mass.gov/gdbs/l3parcels/M239_parcels_gdb.zip,2022,
PLYMPTON,240,http://download.massgis.digital.mass.gov/shapefiles/l3parcels/L3_SHP_M240_PLYMPTON.zip,http://download.massgis.digital.mass.gov/gdbs/l3parcels/M240_parcels_gdb.zip,2024,
PRINCETON,241,http://download.massgis.digital.mass.gov/shapefiles/l3parcels/L3_SHP_M241_PRINCETON.zip,http://download.massgis.digital.mass.gov/gdbs/l3parcels/M241_parcels_gdb.zip,2024,
PROVINCETOWN,242,http://download.massgis.digital.mass.gov/shapefiles/l3parcels/L3_SHP_M242_PROVINCETOWN.zip,http://download.massgis.digital.mass.gov/gdbs/l3parcels/M242_parcels_gdb.zip,2025,
QUINCY,243,http://download.massgis.digital.mass.gov/shapefiles/l3parcels/L3_SHP_M243_QUINCY.zip,http://download.massgis.digital.mass.gov/gdbs/l3parcels/M243_parcels_gdb.zip,2024,
RANDOLPH,244,http://download.massgis.digital.mass.gov/shapefiles/l3parcels/L3_SHP_M244_RANDOLPH.zip,http://download.massgis.digital.mass.gov/gdbs/l3parcels/M244_parcels_gdb.zip,2025,
RAYNHAM,245,http://download.massgis.digital.mass.gov/shapefiles/l3parcels/L3_SHP_M245_RAYNHAM.zip,http://download.massgis.digital.mass.gov/gdbs/l3parcels/M245_parcels_gdb.zip,2025,
READING,246,http://download.massgis.digital.mass.gov/shapefiles/l3parcels/L3_SHP_M246_READING.zip,http://download.massgis.digital.mass.gov/gdbs/l3parcels/M246_parcels_gdb.zip,2024,
REHOBOTH,247,http://download.massgis.digital.mass.gov/shapefiles/l3parcels/L3_SHP_M247_REHOBOTH.zip,http://download.massgis.digital.mass.gov/gdbs/l3parcels/M247_parcels_gdb.zip,2024,There is a known non-water boundary discrepancy between the parcel mapping for this community and that for at least one adjacent community. Such discrepancies (usually modest but noticeable) exist because the parcel mapping depicts the boundary differently from the MassGIS boundary developed from survey locations. In most instances the communities are aware of these discrepancies. MassGIS will work with the communities and the MassDOT Survey Section to try to resolve these discrepancies.
REVERE,248,http://download.massgis.digital.mass.gov/shapefiles/l3parcels/L3_SHP_M248_REVERE.zip,http://download.massgis.digital.mass.gov/gdbs/l3parcels/M248_parcels_gdb.zip,2022,
RICHMOND,249,http://download.massgis.digital.mass.gov/shapefiles/l3parcels/L3_SHP_M249_RICHMOND.zip,http://download.massgis.digital.mass.gov/gdbs/l3parcels/M249_parcels_gdb.zip,2025,
ROCHESTER,250,http://download.massgis.digital.mass.gov/shapefiles/l3parcels/L3_SHP_M250_ROCHESTER.zip,http://download.massgis.digital.mass.gov/gdbs/l3parcels/M250_parcels_gdb.zip,2025,
ROCKLAND,251,http://download.massgis.digital.mass.gov/shapefiles/l3parcels/L3_SHP_M251_ROCKLAND.zip,http://download.massgis.digital.mass.gov/gdbs/l3parcels/M251_parcels_gdb.zip,2024,
ROCKPORT,252,http://download.massgis.digital.mass.gov/shapefiles/l3parcels/L3_SHP_M252_ROCKPORT.zip,http://download.massgis.digital.mass.gov/gdbs/l3parcels/M252_parcels_gdb.zip,2025,
ROWE,253,http://download.massgis.digital.mass.gov/shapefiles/l3parcels/L3_SHP_M253_ROWE.zip,http://download.massgis.digital.mass.gov/gdbs/l3parcels/M253_parcels_gdb.zip,2024,
ROWLEY,254,http://download.massgis.digital.mass.gov/shapefiles/l3parcels/L3_SHP_M254_ROWLEY.zip,http://download.massgis.digital.mass.gov/gdbs/l3parcels/M254_parcels_gdb.zip,2024,
ROYALSTON,255,http://download.massgis.digital.mass.gov/shapefiles/l3parcels/L3_SHP_M255_ROYALSTON.zip,http://download.massgis.digital.mass.gov/gdbs/l3parcels/M255_parcels_gdb.zip,2025,
RUSSELL,256,http://download.massgis.digital.mass.gov/shapefiles/l3parcels/L3_SHP_M256_RUSSELL.zip,http://download.massgis.digital.mass.gov/gdbs/l3parcels/M256_parcels_gdb.zip,2025,
RUTLAND,257,http://download.massgis.digital.mass.gov/shapefiles/l3parcels/L3_SHP_M257_RUTLAND.zip,http://download.massgis.digital.mass.gov/gdbs/l3parcels/M257_parcels_gdb.zip,2024,
SALEM,258,http://download.massgis.digital.mass.gov/shapefiles/l3parcels/L3_SHP_M258_SALEM.zip,http://download.massgis.digital.mass.gov/gdbs/l3parcels/M258_parcels_gdb.zip,2024,
SALISBURY,259,http://download.massgis.digital.mass.gov/shapefiles/l3parcels/L3_SHP_M259_SALISBURY.zip,http://download.massgis.digital.mass.gov/gdbs/l3parcels/M259_parcels_gdb.zip,2024,
SANDISFIELD,260,http://download.massgis.digital.mass.gov/shapefiles/l3parcels/L3_SHP_M260_SANDISFIELD.zip,http://download.massgis.digital.mass.gov/gdbs/l3parcels/M260_parcels_gdb.zip,2024,
SANDWICH,261,http://download.massgis.digital.mass.gov/shapefiles/l3parcels/L3_SHP_M261_SANDWICH.zip,http://download.massgis.digital.mass.gov/gdbs/l3parcels/M261_parcels_gdb.zip,2024,
SAUGUS,262,http://download.massgis.digital.mass.gov/shapefiles/l3parcels/L3_SHP_M262_SAUGUS.zip,http://download.massgis.digital.mass.gov/gdbs/l3parcels/M262_parcels_gdb.zip,2025,
SAVOY,263,http://download.massgis.digital.mass.gov/shapefiles/l3parcels/L3_SHP_M263_SAVOY.zip,http://download.massgis.digital.mass.gov/gdbs/l3parcels/M263_parcels_gdb.zip,2024,
SCITUATE,264,http://download.massgis.digital.mass.gov/shapefiles/l3parcels/L3_SHP_M264_SCITUATE.zip,http://download.massgis.digital.mass.gov/gdbs/l3parcels/M264_parcels_gdb.zip,2025,"The parcel mapping for this community does not meet the Level 3 standards requirements for match rates between the map and the tax list and vice versa. Town staff has put in considerable time on these issues working with MassGIS’ mapping vendor, but were unable to provide the time needed to completely resolve all the issues."
SEEKONK,265,http://download.massgis.digital.mass.gov/shapefiles/l3parcels/L3_SHP_M265_SEEKONK.zip,http://download.massgis.digital.mass.gov/gdbs/l3parcels/M265_parcels_gdb.zip,2025,
SHARON,266,http://download.massgis.digital.mass.gov/shapefiles/l3parcels/L3_SHP_M266_SHARON.zip,http://download.massgis.digital.mass.gov/gdbs/l3parcels/M266_parcels_gdb.zip,2024,
SHEFFIELD,267,http://download.massgis.digital.mass.gov/shapefiles/l3parcels/L3_SHP_M267_SHEFFIELD.zip,http://download.massgis.digital.mass.gov/gdbs/l3parcels/M267_parcels_gdb.zip,2024,
SHELBURNE,268,http://download.massgis.digital.mass.gov/shapefiles/l3parcels/L3_SHP_M268_SHELBURNE.zip,http://download.massgis.digital.mass.gov/gdbs/l3parcels/M268_parcels_gdb.zip,2024,
SHERBORN,269,http://download.massgis.digital.mass.gov/shapefiles/l3parcels/L3_SHP_M269_SHERBORN.zip,http://download.massgis.digital.mass.gov/gdbs/l3parcels/M269_parcels_gdb.zip,2022,
SHIRLEY,270,http://download.massgis.digital.mass.gov/shapefiles/l3parcels/L3_SHP_M270_SHIRLEY.zip,http://download.massgis.digital.mass.gov/gdbs/l3parcels/M270_parcels_gdb.zip,2025,
SHREWSBURY,271,http://download.massgis.digital.mass.gov/shapefiles/l3parcels/L3_SHP_M271_SHREWSBURY.zip,http://download.massgis.digital.mass.gov/gdbs/l3parcels/M271_parcels_gdb.zip,2025,
SHUTESBURY,272,http://download.massgis.digital.mass.gov/shapefiles/l3parcels/L3_SHP_M272_SHUTESBURY.zip,http://download.massgis.digital.mass.gov/gdbs/l3parcels/M272_parcels_gdb.zip,2025,
SOMERSET,273,http://download.massgis.digital.mass.gov/shapefiles/l3parcels/L3_SHP_M273_SOMERSET.zip,http://download.massgis.digital.mass.gov/gdbs/l3parcels/M273_parcels_gdb.zip,2024,
SOMERVILLE,274,http://download.massgis.digital.mass.gov/shapefiles/l3parcels/L3_SHP_M274_SOMERVILLE.zip,http://download.massgis.digital.mass.gov/gdbs/l3parcels/M274_parcels_gdb.zip,2024,
SOUTH HADLEY,275,http://download.massgis.digital.mass.gov/shapefiles/l3parcels/L3_SHP_M275_SOUTHHADLEY.zip,http://download.massgis.digital.mass.gov/gdbs/l3parcels/M275_parcels_gdb.zip,2024,
SOUTHAMPTON,276,http://download.massgis.digital.mass.gov/shapefiles/l3parcels/L3_SHP_M276_SOUTHAMPTON.zip,http://download.massgis.digital.mass.gov/gdbs/l3parcels/M276_parcels_gdb.zip,2024,
SOUTHBOROUGH,277,http://download.massgis.digital.mass.gov/shapefiles/l3parcels/L3_SHP_M277_SOUTHBOROUGH.zip,http://download.massgis.digital.mass.gov/gdbs/l3parcels/M277_parcels_gdb.zip,2025,
SOUTHBRIDGE,278,http://download.massgis.digital.mass.gov/shapefiles/l3parcels/L3_SHP_M278_SOUTHBRIDGE.zip,http://download.massgis.digital.mass.gov/gdbs/l3parcels/M278_parcels_gdb.zip,2025,
SOUTHWICK,279,http://download.massgis.digital.mass.gov/shapefiles/l3parcels/L3_SHP_M279_SOUTHWICK.zip,http://download.massgis.digital.mass.gov/gdbs/l3parcels/M279_parcels_gdb.zip,2024,
SPENCER,280,http://download.massgis.digital.mass.gov/shapefiles/l3parcels/L3_SHP_M280_SPENCER.zip,http://download.massgis.digital.mass.gov/gdbs/l3parcels/M280_parcels_gdb.zip,2025,
SPRINGFIELD,281,http://download.massgis.digital.mass.gov/shapefiles/l3parcels/L3_SHP_M281_SPRINGFIELD.zip,http://download.massgis.digital.mass.gov/gdbs/l3parcels/M281_parcels_gdb.zip,2024,
STERLING,282,http://download.massgis.digital.mass.gov/shapefiles/l3parcels/L3_SHP_M282_STERLING.zip,http://download.massgis.digital.mass.gov/gdbs/l3parcels/M282_parcels_gdb.zip,2024,
STOCKBRIDGE,283,http://download.massgis.digital.mass.gov/shapefiles/l3parcels/L3_SHP_M283_STOCKBRIDGE.zip,http://download.massgis.digital.mass.gov/gdbs/l3parcels/M283_parcels_gdb.zip,2024,
STONEHAM,284,http://download.massgis.digital.mass.gov/shapefiles/l3parcels/L3_SHP_M284_STONEHAM.zip,http://download.massgis.digital.mass.gov/gdbs/l3parcels/M284_parcels_gdb.zip,2024,A new extract was incorporated into an older file geodatabase.
STOUGHTON,285,http://download.massgis.digital.mass.gov/shapefiles/l3parcels/L3_SHP_M285_STOUGHTON.zip,http://download.massgis.digital.mass.gov/gdbs/l3parcels/M285_parcels_gdb.zip,2025,There is a known non-water boundary discrepancy between the parcel mapping for this community and that for at least one adjacent community. Such discrepancies (usually modest but noticeable) exist because the parcel mapping depicts the boundary differently from the MassGIS boundary developed from survey locations. In most instances the communities are aware of these discrepancies. MassGIS will work with the communities and the MassDOT Survey Section to try to resolve these discrepancies.
STOW,286,http://download.massgis.digital.mass.gov/shapefiles/l3parcels/L3_SHP_M286_STOW.zip,http://download.massgis.digital.mass.gov/gdbs/l3parcels/M286_parcels_gdb.zip,2024,
STURBRIDGE,287,http://download.massgis.digital.mass.gov/shapefiles/l3parcels/L3_SHP_M287_STURBRIDGE.zip,http://download.massgis.digital.mass.gov/gdbs/l3parcels/M287_parcels_gdb.zip,2025,
SUDBURY,288,http://download.massgis.digital.mass.gov/shapefiles/l3parcels/L3_SHP_M288_SUDBURY.zip,http://download.massgis.digital.mass.gov/gdbs/l3parcels/M288_parcels_gdb.zip,2022,
SUNDERLAND,289,http://download.massgis.digital.mass.gov/shapefiles/l3parcels/L3_SHP_M289_SUNDERLAND.zip,http://download.massgis.digital.mass.gov/gdbs/l3parcels/M289_parcels_gdb.zip,2024,
SUTTON,290,http://download.massgis.digital.mass.gov/shapefiles/l3parcels/L3_SHP_M290_SUTTON.zip,http://download.massgis.digital.mass.gov/gdbs/l3parcels/M290_parcels_gdb.zip,2024,
SWAMPSCOTT,291,http://download.massgis.digital.mass.gov/shapefiles/l3parcels/L3_SHP_M291_SWAMPSCOTT.zip,http://download.massgis.digital.mass.gov/gdbs/l3parcels/M291_parcels_gdb.zip,2022,
SWANSEA,292,http://download.massgis.digital.mass.gov/shapefiles/l3parcels/L3_SHP_M292_SWANSEA.zip,http://download.massgis.digital.mass.gov/gdbs/l3parcels/M292_parcels_gdb.zip,2024,There is a known non-water boundary discrepancy between the parcel mapping for this community and that for at least one adjacent community. Such discrepancies (usually modest but noticeable) exist because the parcel mapping depicts the boundary differently from the MassGIS boundary developed from survey locations. In most instances the communities are aware of these discrepancies. MassGIS will work with the communities and the MassDOT Survey Section to try to resolve these discrepancies.
TAUNTON,293,http://download.massgis.digital.mass.gov/shapefiles/l3parcels/L3_SHP_M293_TAUNTON.zip,http://download.massgis.digital.mass.gov/gdbs/l3parcels/M293_parcels_gdb.zip,2024,
TEMPLETON,294,http://download.massgis.digital.mass.gov/shapefiles/l3parcels/L3_SHP_M294_TEMPLETON.zip,http://download.massgis.digital.mass.gov/gdbs/l3parcels/M294_parcels_gdb.zip,2024,
TEWKSBURY,295,http://download.massgis.digital.mass.gov/shapefiles/l3parcels/L3_SHP_M295_TEWKSBURY.zip,http://download.massgis.digital.mass.gov/gdbs/l3parcels/M295_parcels_gdb.zip,2025,
TISBURY,296,http://download.massgis.digital.mass.gov/shapefiles/l3parcels/L3_SHP_M296_TISBURY.zip,http://download.massgis.digital.mass.gov/gdbs/l3parcels/M296_parcels_gdb.zip,2025,
TOLLAND,297,http://download.massgis.digital.mass.gov/shapefiles/l3parcels/L3_SHP_M297_TOLLAND.zip,http://download.massgis.digital.mass.gov/gdbs/l3parcels/M297_parcels_gdb.zip,2024,
TOPSFIELD,298,http://download.massgis.digital.mass.gov/shapefiles/l3parcels/L3_SHP_M298_TOPSFIELD.zip,http://download.massgis.digital.mass.gov/gdbs/l3parcels/M298_parcels_gdb.zip,2025,
TOWNSEND,299,http://download.massgis.digital.mass.gov/shapefiles/l3parcels/L3_SHP_M299_TOWNSEND.zip,http://download.massgis.digital.mass.gov/gdbs/l3parcels/M299_parcels_gdb.zip,2025,
TRURO,300,http://download.massgis.digital.mass.gov/shapefiles/l3parcels/L3_SHP_M300_TRURO.zip,http://download.massgis.digital.mass.gov/gdbs/l3parcels/M300_parcels_gdb.zip,2025,
TYNGSBOROUGH,301,http://download.massgis.digital.mass.gov/shapefiles/l3parcels/L3_SHP_M301_TYNGSBOROUGH.zip,http://download.massgis.digital.mass.gov/gdbs/l3parcels/M301_parcels_gdb.zip,2024,
TYRINGHAM,302,http://download.massgis.digital.mass.gov/shapefiles/l3parcels/L3_SHP_M302_TYRINGHAM.zip,http://download.massgis.digital.mass.gov/gdbs/l3parcels/M302_parcels_gdb.zip,2021,
UPTON,303,http://download.massgis.digital.mass.gov/shapefiles/l3parcels/L3_SHP_M303_UPTON.zip,http://download.massgis.digital.mass.gov/gdbs/l3parcels/M303_parcels_gdb.zip,2024,
UXBRIDGE,304,http://download.massgis.digital.mass.gov/shapefiles/l3parcels/L3_SHP_M304_UXBRIDGE.zip,http://download.massgis.digital.mass.gov/gdbs/l3parcels/M304_parcels_gdb.zip,2024,
WAKEFIELD,305,http://download.massgis.digital.mass.gov/shapefiles/l3parcels/L3_SHP_M305_WAKEFIELD.zip,http://download.massgis.digital.mass.gov/gdbs/l3parcels/M305_parcels_gdb.zip,2024,
WALES,306,http://download.massgis.digital.mass.gov/shapefiles/l3parcels/L3_SHP_M306_WALES.zip,http://download.massgis.digital.mass.gov/gdbs/l3parcels/M306_parcels_gdb.zip,2024,
WALPOLE,307,http://download.massgis.digital.mass.gov/shapefiles/l3parcels/L3_SHP_M307_WALPOLE.zip,http://download.massgis.digital.mass.gov/gdbs/l3parcels/M307_parcels_gdb.zip,2024,
WALTHAM,308,http://download.massgis.digital.mass.gov/shapefiles/l3parcels/L3_SHP_M308_WALTHAM.zip,http://download.massgis.digital.mass.gov/gdbs/l3parcels/M308_parcels_gdb.zip,2025,
WARE,309,http://download.massgis.digital.mass.gov/shapefiles/l3parcels/L3_SHP_M309_WARE.zip,http://download.massgis.digital.mass.gov/gdbs/l3parcels/M309_parcels_gdb.zip,2025,
WAREHAM,310,http://download.massgis.digital.mass.gov/shapefiles/l3parcels/L3_SHP_M310_WAREHAM.zip,http://download.massgis.digital.mass.gov/gdbs/l3parcels/M310_parcels_gdb.zip,2024,
WARREN,311,http://download.massgis.digital.mass.gov/shapefiles/l3parcels/L3_SHP_M311_WARREN.zip,http://download.massgis.digital.mass.gov/gdbs/l3parcels/M311_parcels_gdb.zip,2024,
WARWICK,312,http://download.massgis.digital.mass.gov/shapefiles/l3parcels/L3_SHP_M312_WARWICK.zip,http://download.massgis.digital.mass.gov/gdbs/l3parcels/M312_parcels_gdb.zip,2023,
WASHINGTON,313,http://download.massgis.digital.mass.gov/shapefiles/l3parcels/L3_SHP_M313_WASHINGTON.zip,http://download.massgis.digital.mass.gov/gdbs/l3parcels/M313_parcels_gdb.zip,2024,
WATERTOWN,314,http://download.massgis.digital.mass.gov/shapefiles/l3parcels/L3_SHP_M314_WATERTOWN.zip,http://download.massgis.digital.mass.gov/gdbs/l3parcels/M314_parcels_gdb.zip,2023,
WAYLAND,315,http://download.massgis.digital.mass.gov/shapefiles/l3parcels/L3_SHP_M315_WAYLAND.zip,http://download.massgis.digital.mass.gov/gdbs/l3parcels/M315_parcels_gdb.zip,2024,
WEBSTER,316,http://download.massgis.digital.mass.gov/shapefiles/l3parcels/L3_SHP_M316_WEBSTER.zip,http://download.massgis.digital.mass.gov/gdbs/l3parcels/M316_parcels_gdb.zip,2022,
WELLESLEY,317,http://download.massgis.digital.mass.gov/shapefiles/l3parcels/L3_SHP_M317_WELLESLEY.zip,http://download.massgis.digital.mass.gov/gdbs/l3parcels/M317_parcels_gdb.zip,2025,
WELLFLEET,318,http://download.massgis.digital.mass.gov/shapefiles/l3parcels/L3_SHP_M318_WELLFLEET.zip,http://download.massgis.digital.mass.gov/gdbs/l3parcels/M318_parcels_gdb.zip,2024,
WENDELL,319,http://download.massgis.digital.mass.gov/shapefiles/l3parcels/L3_SHP_M319_WENDELL.zip,http://download.massgis.digital.mass.gov/gdbs/l3parcels/M319_parcels_gdb.zip,2025,
WENHAM,320,http://download.massgis.digital.mass.gov/shapefiles/l3parcels/L3_SHP_M320_WENHAM.zip,http://download.massgis.digital.mass.gov/gdbs/l3parcels/M320_parcels_gdb.zip,2025,
WEST BOYLSTON,321,http://download.massgis.digital.mass.gov/shapefiles/l3parcels/L3_SHP_M321_WESTBOYLSTON.zip,http://download.massgis.digital.mass.gov/gdbs/l3parcels/M321_parcels_gdb.zip,2024,
WEST BRIDGEWATER,322,http://download.massgis.digital.mass.gov/shapefiles/l3parcels/L3_SHP_M322_WESTBRIDGEWATER.zip,http://download.massgis.digital.mass.gov/gdbs/l3parcels/M322_parcels_gdb.zip,2025,
WEST BROOKFIELD,323,http://download.massgis.digital.mass.gov/shapefiles/l3parcels/L3_SHP_M323_WESTBROOKFIELD.zip,http://download.massgis.digital.mass.gov/gdbs/l3parcels/M323_parcels_gdb.zip,2023,
WEST NEWBURY,324,http://download.massgis.digital.mass.gov/shapefiles/l3parcels/L3_SHP_M324_WESTNEWBURY.zip,http://download.massgis.digital.mass.gov/gdbs/l3parcels/M324_parcels_gdb.zip,2024,
WEST SPRINGFIELD,325,http://download.massgis.digital.mass.gov/shapefiles/l3parcels/L3_SHP_M325_WESTSPRINGFIELD.zip,http://download.massgis.digital.mass.gov/gdbs/l3parcels/M325_parcels_gdb.zip,2024,
WEST STOCKBRIDGE,326,http://download.massgis.digital.mass.gov/shapefiles/l3parcels/L3_SHP_M326_WESTSTOCKBRIDGE.zip,http://download.massgis.digital.mass.gov/gdbs/l3parcels/M326_parcels_gdb.zip,2025,
WEST TISBURY,327,http://download.massgis.digital.mass.gov/shapefiles/l3parcels/L3_SHP_M327_WESTTISBURY.zip,http://download.massgis.digital.mass.gov/gdbs/l3parcels/M327_parcels_gdb.zip,2025,
WESTBOROUGH,328,http://download.massgis.digital.mass.gov/shapefiles/l3parcels/L3_SHP_M328_WESTBOROUGH.zip,http://download.massgis.digital.mass.gov/gdbs/l3parcels/M328_parcels_gdb.zip,2025,
WESTFIELD,329,http://download.massgis.digital.mass.gov/shapefiles/l3parcels/L3_SHP_M329_WESTFIELD.zip,http://download.massgis.digital.mass.gov/gdbs/l3parcels/M329_parcels_gdb.zip,2023,
WESTFORD,330,http://download.massgis.digital.mass.gov/shapefiles/l3parcels/L3_SHP_M330_WESTFORD.zip,http://download.massgis.digital.mass.gov/gdbs/l3parcels/M330_parcels_gdb.zip,2023,
WESTHAMPTON,331,http://download.massgis.digital.mass.gov/shapefiles/l3parcels/L3_SHP_M331_WESTHAMPTON.zip,http://download.massgis.digital.mass.gov/gdbs/l3parcels/M331_parcels_gdb.zip,2024,
WESTMINSTER,332,http://download.massgis.digital.mass.gov/shapefiles/l3parcels/L3_SHP_M332_WESTMINSTER.zip,http://download.massgis.digital.mass.gov/gdbs/l3parcels/M332_parcels_gdb.zip,2024,
WESTON,333,http://download.massgis.digital.mass.gov/shapefiles/l3parcels/L3_SHP_M333_WESTON.zip,http://download.massgis.digital.mass.gov/gdbs/l3parcels/M333_parcels_gdb.zip,2025,
WESTPORT,334,http://download.massgis.digital.mass.gov/shapefiles/l3parcels/L3_SHP_M334_WESTPORT.zip,http://download.massgis.digital.mass.gov/gdbs/l3parcels/M334_parcels_gdb.zip,2025,
WESTWOOD,335,http://download.massgis.digital.mass.gov/shapefiles/l3parcels/L3_SHP_M335_WESTWOOD.zip,http://download.massgis.digital.mass.gov/gdbs/l3parcels/M335_parcels_gdb.zip,2025,
WEYMOUTH,336,http://download.massgis.digital.mass.gov/shapefiles/l3parcels/L3_SHP_M336_WEYMOUTH.zip,http://download.massgis.digital.mass.gov/gdbs/l3parcels/M336_parcels_gdb.zip,2024,
WHATELY,337,http://download.massgis.digital.mass.gov/shapefiles/l3parcels/L3_SHP_M337_WHATELY.zip,http://download.massgis.digital.mass.gov/gdbs/l3parcels/M337_parcels_gdb.zip,2025,
WHITMAN,338,http://download.massgis.digital.mass.gov/shapefiles/l3parcels/L3_SHP_M338_WHITMAN.zip,http://download.massgis.digital.mass.gov/gdbs/l3parcels/M338_parcels_gdb.zip,2024,
WILBRAHAM,339,http://download.massgis.digital.mass.gov/shapefiles/l3parcels/L3_SHP_M339_WILBRAHAM.zip,http://download.massgis.digital.mass.gov/gdbs/l3parcels/M339_parcels_gdb.zip,2024,
WILLIAMSBURG,340,http://download.massgis.digital.mass.gov/shapefiles/l3parcels/L3_SHP_M340_WILLIAMSBURG.zip,http://download.massgis.digital.mass.gov/gdbs/l3parcels/M340_parcels_gdb.zip,2024,
WILLIAMSTOWN,341,http://download.massgis.digital.mass.gov/shapefiles/l3parcels/L3_SHP_M341_WILLIAMSTOWN.zip,http://download.massgis.digital.mass.gov/gdbs/l3parcels/M341_parcels_gdb.zip,2024,
WILMINGTON,342,http://download.massgis.digital.mass.gov/shapefiles/l3parcels/L3_SHP_M342_WILMINGTON.zip,http://download.massgis.digital.mass.gov/gdbs/l3parcels/M342_parcels_gdb.zip,2023,
WINCHENDON,343,http://download.massgis.digital.mass.gov/shapefiles/l3parcels/L3_SHP_M343_WINCHENDON.zip,http://download.massgis.digital.mass.gov/gdbs/l3parcels/M343_parcels_gdb.zip,2024,
WINCHESTER,344,http://download.massgis.digital.mass.gov/shapefiles/l3parcels/L3_SHP_M344_WINCHESTER.zip,http://download.massgis.digital.mass.gov/gdbs/l3parcels/M344_parcels_gdb.zip,2023,
WINDSOR,345,http://download.massgis.digital.mass.gov/shapefiles/l3parcels/L3_SHP_M345_WINDSOR.zip,http://download.massgis.digital.mass.gov/gdbs/l3parcels/M345_parcels_gdb.zip,2024,
WINTHROP,346,http://download.massgis.digital.mass.gov/shapefiles/l3parcels/L3_SHP_M346_WINTHROP.zip,http://download.massgis.digital.mass.gov/gdbs/l3parcels/M346_parcels_gdb.zip,2025,
WOBURN,347,http://download.massgis.digital.mass.gov/shapefiles/l3parcels/L3_SHP_M347_WOBURN.zip,http://download.massgis.digital.mass.gov/gdbs/l3parcels/M347_parcels_gdb.zip,2025,
WORCESTER,348,http://download.massgis.digital.mass.gov/shapefiles/l3parcels/L3_SHP_M348_WORCESTER.zip,http://download.massgis.digital.mass.gov/gdbs/l3parcels/M348_parcels_gdb.zip,2024,
WORTHINGTON,349,http://download.massgis.digital.mass.gov/shapefiles/l3parcels/L3_SHP_M349_WORTHINGTON.zip,http://download.massgis.digital.mass.gov/gdbs/l3parcels/M349_parcels_gdb.zip,2025,Changed descriptions for three use code values in the UC_LUT per the Town Assessor.
WRENTHAM,350,http://download.massgis.digital.mass.gov/shapefiles/l3parcels/L3_SHP_M350_WRENTHAM.zip,http://download.massgis.digital.mass.gov/gdbs/l3parcels/M350_parcels_gdb.zip,2025,
YARMOUTH,351,http://download.massgis.digital.mass.gov/shapefiles/l3parcels/L3_SHP_M351_YARMOUTH.zip,http://download.massgis.digital.mass.gov/gdbs/l3parcels/M351_parcels_gdb.zip,2024,
